cik,company_name,year,sic_code,industry,state,climate_keywords,pollution_keywords,compliance_keywords,total_env_keywords,negative_sentiment,positive_sentiment,flesch_reading_ease,avg_sentence_length,word_count,high_risk,enforcement_actions,total_penalties,log_total_assets,roa,leverage
0000001141,Materion Corporation,2015,1000,Mining,OH,125.63,201.01,376.88,703.52,0.0,0.251,53.02,29.51,398,0,0,0.0,21.954,0.0645,0.856
0000001141,Materion Corporation,2016,1000,Mining,OH,132.63,132.63,318.3,583.55,0.531,0.265,54.67,28.67,377,0,0,0.0,20.175,0.0257,1.273
0000001141,Materion Corporation,2017,1000,Mining,OH,33.0,165.02,264.03,462.05,0.0,0.0,36.13,22.24,303,1,2,128546.29,21.8,0.0266,1.014
0000001141,Materion Corporation,2018,1000,Mining,OH,77.92,129.87,207.79,415.58,0.0,0.26,40.25,23.65,385,1,1,116326.06,22.757,0.052,0.68
0000001141,Materion Corporation,2019,1000,Mining,OH,116.28,58.14,174.42,348.84,0.291,0.581,41.39,27.92,344,1,2,5164.49,20.289,0.0006,0.503
0000001141,Materion Corporation,2020,1000,Mining,OH,59.17,88.76,266.27,414.2,0.296,0.296,51.25,29.52,338,1,1,3537.78,23.013,0.0803,1.337
0000004904,American Electric Power,2015,4911,Utilities,OH,47.62,166.67,261.9,476.19,0.0,0.0,44.54,28.42,420,0,0,0.0,20.153,0.067,1.489
0000004904,American Electric Power,2016,4911,Utilities,OH,53.33,106.67,373.33,533.33,0.267,0.0,45.01,25.58,375,0,0,0.0,21.11,0.07,1.37
0000004904,American Electric Power,2017,4911,Utilities,OH,0.0,96.15,320.51,416.67,0.641,0.0,52.42,25.42,312,0,0,0.0,23.079,0.0586,1.636
0000004904,American Electric Power,2018,4911,Utilities,OH,27.7,138.5,110.8,277.01,0.277,0.0,45.56,27.18,361,1,2,135013.75,22.312,0.0849,1.751
0000004904,American Electric Power,2019,4911,Utilities,OH,94.79,213.27,260.66,568.72,0.237,0.0,36.47,22.53,422,0,0,0.0,23.75,0.0542,1.261
0000004904,American Electric Power,2020,4911,Utilities,OH,75.38,125.63,351.76,552.76,0.754,0.0,44.65,22.94,398,0,0,0.0,23.072,0.0846,0.836
0000016040,Cabot Corporation,2015,2895,Chemicals,MA,122.85,196.56,171.99,491.4,0.0,0.0,41.12,30.38,407,0,0,0.0,20.289,0.1034,0.759
0000016040,Cabot Corporation,2016,2895,Chemicals,MA,73.71,245.7,343.98,663.39,0.246,0.737,46.86,31.36,407,0,0,0.0,22.712,0.038,1.365
0000016040,Cabot Corporation,2017,2895,Chemicals,MA,74.07,98.77,246.91,419.75,0.0,0.0,41.88,24.77,405,0,0,0.0,23.987,0.0851,1.303
0000016040,Cabot Corporation,2018,2895,Chemicals,MA,52.36,183.25,392.67,628.27,0.0,0.524,42.11,22.49,382,1,1,9950.26,20.124,0.0576,1.467
0000016040,Cabot Corporation,2019,2895,Chemicals,MA,266.27,88.76,295.86,650.89,0.592,1.183,45.75,30.41,338,0,0,0.0,20.134,0.0313,0.732
0000016040,Cabot Corporation,2020,2895,Chemicals,MA,0.0,86.21,143.68,229.89,0.0,0.0,43.95,22.72,348,0,0,0.0,23.817,0.0113,1.691
0000022444,Commercial Metals Company,2015,1011,Mining,TX,81.74,299.73,272.48,653.95,0.272,0.817,43.52,31.86,367,0,0,0.0,22.216,0.1103,0.407
0000022444,Commercial Metals Company,2016,1011,Mining,TX,82.87,138.12,359.12,580.11,0.0,0.552,49.96,31.03,362,0,0,0.0,20.559,-0.0065,0.994
0000022444,Commercial Metals Company,2017,1011,Mining,TX,26.25,104.99,419.95,551.18,0.262,0.262,53.67,27.42,381,0,0,0.0,22.11,-0.0002,0.401
0000022444,Commercial Metals Company,2018,1011,Mining,TX,120.77,120.77,241.55,483.09,0.0,0.483,51.2,22.88,414,1,2,48619.3,22.535,0.108,0.692
0000022444,Commercial Metals Company,2019,1011,Mining,TX,172.41,34.48,68.97,275.86,0.0,0.69,48.31,22.79,290,1,3,113278.83,22.415,0.003,1.43
0000022444,Commercial Metals Company,2020,1011,Mining,TX,64.94,129.87,216.45,411.26,0.0,0.216,41.02,26.63,462,0,0,0.0,22.398,0.004,1.438
0000028385,DTE Energy Company,2015,4931,Utilities,MI,67.11,201.34,234.9,503.36,0.0,0.336,41.05,28.62,298,0,0,0.0,20.633,0.0763,0.579
0000028385,DTE Energy Company,2016,4931,Utilities,MI,0.0,148.51,346.53,495.05,0.743,0.0,43.51,24.47,404,0,0,0.0,22.994,0.0167,1.634
0000028385,DTE Energy Company,2017,4931,Utilities,MI,28.82,230.55,201.73,461.1,0.0,0.0,52.84,23.96,347,0,0,0.0,22.455,-0.0077,0.948
0000028385,DTE Energy Company,2018,4931,Utilities,MI,23.81,166.67,214.29,404.76,0.238,0.0,49.27,28.59,420,0,0,0.0,22.499,0.0196,0.929
0000028385,DTE Energy Company,2019,4931,Utilities,MI,47.06,188.24,141.18,376.47,0.0,0.235,37.06,29.19,425,0,0,0.0,22.016,0.0792,0.749
0000028385,DTE Energy Company,2020,4931,Utilities,MI,84.03,112.04,252.1,448.18,0.0,0.0,41.49,25.34,357,0,0,0.0,20.103,0.0277,1.525
0000037785,FMC Corporation,2015,2879,Chemicals,PA,59.35,89.02,148.37,296.74,0.297,0.0,52.95,27.18,337,0,0,0.0,21.822,-0.0157,1.631
0000037785,FMC Corporation,2016,2879,Chemicals,PA,136.05,136.05,226.76,498.87,0.227,0.68,35.26,31.45,441,0,0,0.0,21.957,0.0279,1.694
0000037785,FMC Corporation,2017,2879,Chemicals,PA,95.24,253.97,253.97,603.17,0.317,0.952,35.49,27.81,315,0,0,0.0,22.196,0.0107,1.0
0000037785,FMC Corporation,2018,2879,Chemicals,PA,96.15,128.21,128.21,352.56,0.0,0.0,48.05,29.27,312,0,0,0.0,20.003,0.1112,0.63
0000037785,FMC Corporation,2019,2879,Chemicals,PA,35.21,246.48,316.9,598.59,0.0,0.0,39.67,24.63,284,0,0,0.0,20.151,-0.0028,1.781
0000037785,FMC Corporation,2020,2879,Chemicals,PA,118.69,89.02,118.69,326.41,0.0,0.297,41.3,23.15,337,0,0,0.0,20.428,0.0807,1.596
0000072903,Xcel Energy Inc,2015,4911,Utilities,MN,76.34,76.34,254.45,407.12,0.0,0.254,40.14,22.21,393,1,1,32892.22,20.892,-0.0121,0.545
0000072903,Xcel Energy Inc,2016,4911,Utilities,MN,51.15,102.3,281.33,434.78,0.0,0.0,43.63,24.3,391,1,2,56384.18,22.064,0.0155,1.717
0000072903,Xcel Energy Inc,2017,4911,Utilities,MN,105.82,105.82,185.19,396.83,0.0,0.529,53.12,27.67,378,0,0,0.0,21.418,0.0334,0.977
0000072903,Xcel Energy Inc,2018,4911,Utilities,MN,53.76,107.53,322.58,483.87,0.269,0.538,49.55,26.52,372,0,0,0.0,23.427,0.1122,0.87
0000072903,Xcel Energy Inc,2019,4911,Utilities,MN,77.72,51.81,181.35,310.88,0.0,0.259,46.21,22.95,386,0,0,0.0,20.802,0.0379,0.689
0000072903,Xcel Energy Inc,2020,4911,Utilities,MN,0.0,100.25,250.63,350.88,0.251,0.0,52.53,23.58,399,0,0,0.0,21.823,0.0648,1.369
0000073309,Nucor Corporation,2015,1011,Mining,NC,24.69,172.84,271.6,469.14,0.0,0.0,42.66,30.69,405,0,0,0.0,22.273,0.0415,0.494
0000073309,Nucor Corporation,2016,1011,Mining,NC,95.01,71.26,332.54,498.81,0.238,0.475,44.29,30.21,421,0,0,0.0,22.458,0.0965,1.092
0000073309,Nucor Corporation,2017,1011,Mining,NC,47.17,117.92,212.26,377.36,0.236,0.472,37.37,22.14,424,1,2,8657.92,21.213,0.0777,1.506
0000073309,Nucor Corporation,2018,1011,Mining,NC,119.62,95.69,311.0,526.32,0.0,0.0,40.92,26.96,418,1,1,702.97,21.684,0.0375,0.724
0000073309,Nucor Corporation,2019,1011,Mining,NC,95.69,167.46,287.08,550.24,0.478,0.239,37.73,23.97,418,0,0,0.0,20.221,0.0077,0.413
0000073309,Nucor Corporation,2020,1011,Mining,NC,101.21,101.21,202.43,404.86,0.202,0.405,47.55,25.16,494,1,2,279.62,23.893,0.0071,0.884
0000074303,Olin Corporation,2015,2812,Chemicals,MO,0.0,69.44,381.94,451.39,0.347,0.0,42.16,22.08,288,1,1,1511827.39,23.357,-0.0155,1.716
0000074303,Olin Corporation,2016,2812,Chemicals,MO,51.95,155.84,155.84,363.64,0.0,0.26,52.84,27.36,385,0,0,0.0,22.174,0.0715,0.942
0000074303,Olin Corporation,2017,2812,Chemicals,MO,161.73,80.86,134.77,377.36,0.0,0.27,47.94,22.45,371,1,1,1125.61,20.216,0.044,1.169
0000074303,Olin Corporation,2018,2812,Chemicals,MO,57.64,201.73,259.37,518.73,0.0,0.288,52.76,23.05,347,0,0,0.0,23.291,0.0094,0.952
0000074303,Olin Corporation,2019,2812,Chemicals,MO,32.05,192.31,160.26,384.62,0.321,0.321,41.33,26.0,312,0,0,0.0,20.602,0.0505,1.522
0000074303,Olin Corporation,2020,2812,Chemicals,MO,45.35,113.38,317.46,476.19,0.0,0.227,43.83,26.91,441,1,2,47129.74,23.395,0.0788,1.087
0000079879,PPG Industries Inc,2015,2851,Chemicals,PA,24.15,169.08,362.32,555.56,0.242,0.242,40.15,30.85,414,0,0,0.0,22.308,0.011,0.777
0000079879,PPG Industries Inc,2016,2851,Chemicals,PA,157.07,52.36,157.07,366.49,0.0,0.262,51.06,22.44,382,0,0,0.0,23.968,-0.0018,1.514
0000079879,PPG Industries Inc,2017,2851,Chemicals,PA,159.74,159.74,95.85,415.34,0.319,0.639,42.9,26.92,313,0,0,0.0,23.523,0.0378,1.152
0000079879,PPG Industries Inc,2018,2851,Chemicals,PA,28.99,144.93,231.88,405.8,0.0,0.29,35.99,22.02,345,0,0,0.0,20.979,0.0753,0.57
0000079879,PPG Industries Inc,2019,2851,Chemicals,PA,63.9,191.69,319.49,575.08,0.0,0.319,37.28,26.11,313,0,0,0.0,22.591,0.0797,0.65
0000079879,PPG Industries Inc,2020,2851,Chemicals,PA,140.45,84.27,252.81,477.53,0.281,0.0,36.59,31.4,356,0,0,0.0,21.043,0.0995,1.609
0000089800,Sherwin-Williams Company,2015,2851,Chemicals,OH,84.27,84.27,308.99,477.53,0.0,0.281,50.45,23.69,356,0,0,0.0,23.287,0.0877,1.235
0000089800,Sherwin-Williams Company,2016,2851,Chemicals,OH,44.54,133.63,289.53,467.71,0.223,0.0,41.74,24.63,449,0,0,0.0,20.488,0.0514,1.219
0000089800,Sherwin-Williams Company,2017,2851,Chemicals,OH,77.32,206.19,283.51,567.01,0.0,0.0,42.19,26.75,388,0,0,0.0,21.454,0.0697,1.662
0000089800,Sherwin-Williams Company,2018,2851,Chemicals,OH,61.16,30.58,122.32,214.07,0.0,0.0,38.28,25.81,327,0,0,0.0,20.563,0.0675,1.42
0000089800,Sherwin-Williams Company,2019,2851,Chemicals,OH,110.19,110.19,192.84,413.22,0.275,0.275,53.64,24.79,363,0,0,0.0,23.801,-0.0111,1.244
0000089800,Sherwin-Williams Company,2020,2851,Chemicals,OH,131.23,104.99,183.73,419.95,0.0,0.787,36.14,30.94,381,0,0,0.0,22.119,0.0737,1.564
0000092103,Edison International,2015,4911,Utilities,CA,125.63,150.75,100.5,376.88,0.0,0.0,38.01,22.39,398,0,0,0.0,23.516,0.0241,0.581
0000092103,Edison International,2016,4911,Utilities,CA,0.0,330.03,231.02,561.06,0.0,0.0,44.37,27.98,303,0,0,0.0,20.124,0.0185,0.446
0000092103,Edison International,2017,4911,Utilities,CA,126.26,75.76,126.26,328.28,0.0,0.253,43.41,30.95,396,0,0,0.0,23.931,0.0692,0.626
0000092103,Edison International,2018,4911,Utilities,CA,103.52,124.22,227.74,455.49,0.207,0.0,53.12,27.16,483,0,0,0.0,20.615,0.109,1.46
0000092103,Edison International,2019,4911,Utilities,CA,100.0,25.0,125.0,250.0,0.25,0.5,49.63,29.09,400,0,0,0.0,20.801,0.0095,1.364
0000092103,Edison International,2020,4911,Utilities,CA,139.28,111.42,222.84,473.54,0.557,0.0,39.39,26.39,359,1,1,66921.87,23.128,0.0898,1.035
0000092122,Southern Company,2015,4911,Utilities,GA,116.28,46.51,302.33,465.12,0.0,0.0,50.84,30.39,430,0,0,0.0,22.619,0.012,0.784
0000092122,Southern Company,2016,4911,Utilities,GA,237.47,52.77,158.31,448.55,0.264,0.528,41.3,23.17,379,1,3,247238.42,21.093,0.0093,1.037
0000092122,Southern Company,2017,4911,Utilities,GA,182.29,52.08,260.42,494.79,0.0,0.521,53.17,23.04,384,0,0,0.0,22.881,0.0762,0.534
0000092122,Southern Company,2018,4911,Utilities,GA,55.71,194.99,278.55,529.25,0.279,0.0,53.45,27.68,359,0,0,0.0,21.455,0.0859,0.76
0000092122,Southern Company,2019,4911,Utilities,GA,25.58,179.03,204.6,409.21,0.0,0.256,48.87,22.4,391,0,0,0.0,23.358,0.0427,1.291
0000092122,Southern Company,2020,4911,Utilities,GA,210.84,120.48,180.72,512.05,0.0,0.301,39.42,28.77,332,0,0,0.0,23.089,0.0462,1.265
0000110621,RPM International Inc,2015,2851,Chemicals,OH,47.62,23.81,285.71,357.14,0.476,0.476,44.13,30.94,420,1,4,59836.99,21.991,0.0979,1.522
0000110621,RPM International Inc,2016,2851,Chemicals,OH,77.12,128.53,334.19,539.85,0.0,0.257,43.21,24.3,389,0,0,0.0,21.624,0.0957,0.719
0000110621,RPM International Inc,2017,2851,Chemicals,OH,0.0,214.07,336.39,550.46,0.306,0.0,45.49,30.06,327,0,0,0.0,21.414,0.0699,0.744
0000110621,RPM International Inc,2018,2851,Chemicals,OH,131.15,262.3,229.51,622.95,0.0,0.0,37.19,29.94,305,1,2,1538.54,20.396,0.018,1.597
0000110621,RPM International Inc,2019,2851,Chemicals,OH,0.0,177.22,202.53,379.75,0.0,0.0,41.93,31.73,395,1,2,171.41,23.919,0.0176,0.457
0000110621,RPM International Inc,2020,2851,Chemicals,OH,77.72,181.35,284.97,544.04,0.0,0.0,49.1,26.51,386,0,0,0.0,20.403,0.0791,0.444
0000753308,NextEra Energy Inc,2015,4911,Utilities,FL,118.34,59.17,266.27,443.79,0.296,0.0,52.4,23.39,338,0,0,0.0,20.509,0.0046,1.744
0000753308,NextEra Energy Inc,2016,4911,Utilities,FL,99.75,99.75,274.31,473.82,0.748,0.249,48.86,30.01,401,0,0,0.0,21.591,0.0271,0.728
0000753308,NextEra Energy Inc,2017,4911,Utilities,FL,98.28,147.42,417.69,663.39,0.491,0.491,44.61,27.52,407,0,0,0.0,22.527,0.016,1.728
0000753308,NextEra Energy Inc,2018,4911,Utilities,FL,115.61,86.71,115.61,317.92,0.0,0.289,38.4,31.66,346,0,0,0.0,20.059,0.0474,0.867
0000753308,NextEra Energy Inc,2019,4911,Utilities,FL,0.0,36.9,258.3,295.2,0.369,0.0,43.98,27.71,271,1,1,3286.67,21.742,0.0381,1.426
0000753308,NextEra Energy Inc,2020,4911,Utilities,FL,27.93,83.8,335.2,446.93,0.279,0.279,48.72,30.33,358,1,1,11118.4,21.0,0.0653,1.219
0000783325,WEC Energy Group Inc,2015,4931,Utilities,WI,259.43,117.92,259.43,636.79,0.472,0.472,42.39,26.86,424,1,2,16745.54,21.255,-0.0001,0.699
0000783325,WEC Energy Group Inc,2016,4931,Utilities,WI,139.37,174.22,313.59,627.18,0.348,0.697,37.11,28.83,287,0,0,0.0,22.643,0.1131,1.422
0000783325,WEC Energy Group Inc,2017,4931,Utilities,WI,0.0,92.02,306.75,398.77,0.307,0.0,36.04,30.84,326,0,0,0.0,23.451,0.0421,1.22
0000783325,WEC Energy Group Inc,2018,4931,Utilities,WI,108.11,108.11,270.27,486.49,0.0,0.541,54.52,27.32,370,0,0,0.0,23.621,-0.0084,0.667
0000783325,WEC Energy Group Inc,2019,4931,Utilities,WI,45.77,137.3,228.83,411.9,0.0,0.0,43.82,27.85,437,0,0,0.0,23.265,0.1184,0.944
0000783325,WEC Energy Group Inc,2020,4931,Utilities,WI,75.19,50.13,250.63,375.94,0.501,0.501,35.95,30.01,399,0,0,0.0,22.418,0.0078,1.093
0000788784,Public Service Enterprise,2015,4931,Utilities,NJ,45.87,91.74,344.04,481.65,0.229,0.0,49.85,29.7,436,1,1,1113.03,21.998,0.0227,1.763
0000788784,Public Service Enterprise,2016,4931,Utilities,NJ,34.97,104.9,314.69,454.55,0.35,0.0,48.27,26.08,286,0,0,0.0,21.122,0.0824,0.739
0000788784,Public Service Enterprise,2017,4931,Utilities,NJ,83.1,0.0,193.91,277.01,0.554,0.0,38.43,27.3,361,0,0,0.0,21.16,0.068,0.565
0000788784,Public Service Enterprise,2018,4931,Utilities,NJ,0.0,173.91,289.86,463.77,0.58,0.0,48.1,24.83,345,0,0,0.0,20.001,-0.0022,1.707
0000788784,Public Service Enterprise,2019,4931,Utilities,NJ,123.08,61.54,153.85,338.46,0.308,0.0,52.35,24.34,325,0,0,0.0,23.113,0.0652,1.759
0000788784,Public Service Enterprise,2020,4931,Utilities,NJ,22.94,160.55,321.1,504.59,0.459,0.0,42.47,28.81,436,0,0,0.0,20.254,0.0355,1.749
0000831259,Freeport-McMoRan Inc,2015,1000,Mining,AZ,172.41,73.89,270.94,517.24,0.493,0.739,45.78,24.88,406,0,0,0.0,20.481,0.0785,1.303
0000831259,Freeport-McMoRan Inc,2016,1000,Mining,AZ,0.0,83.1,83.1,166.2,0.0,0.0,42.48,31.51,361,0,0,0.0,20.089,0.0225,1.689
0000831259,Freeport-McMoRan Inc,2017,1000,Mining,AZ,87.21,174.42,87.21,348.84,0.0,0.291,41.42,24.52,344,1,1,23844.47,22.137,0.0953,0.544
0000831259,Freeport-McMoRan Inc,2018,1000,Mining,AZ,119.4,119.4,208.96,447.76,0.597,0.299,53.86,29.95,335,1,1,112291.09,20.725,0.0797,0.939
0000831259,Freeport-McMoRan Inc,2019,1000,Mining,AZ,148.88,148.88,124.07,421.84,0.0,0.744,43.05,29.83,403,1,1,24142.83,23.851,-0.0023,0.989
0000831259,Freeport-McMoRan Inc,2020,1000,Mining,AZ,63.29,221.52,158.23,443.04,0.316,0.633,44.62,25.76,316,0,0,0.0,21.453,-0.0127,1.36
0000883975,Minerals Technologies Inc,2015,2819,Chemicals,NY,63.29,126.58,221.52,411.39,0.0,0.0,43.72,23.95,316,0,0,0.0,23.264,0.0924,1.081
0000883975,Minerals Technologies Inc,2016,2819,Chemicals,NY,60.61,121.21,121.21,303.03,0.303,0.303,40.97,28.38,330,0,0,0.0,21.153,0.013,1.423
0000883975,Minerals Technologies Inc,2017,2819,Chemicals,NY,53.48,187.17,240.64,481.28,0.535,0.267,35.81,22.95,374,0,0,0.0,20.027,0.0014,0.497
0000883975,Minerals Technologies Inc,2018,2819,Chemicals,NY,0.0,108.23,389.61,497.84,0.649,0.0,54.92,24.89,462,0,0,0.0,20.597,0.0137,1.711
0000883975,Minerals Technologies Inc,2019,2819,Chemicals,NY,161.29,92.17,299.54,553.0,0.23,0.922,45.4,25.65,434,1,1,8394.84,23.494,0.0353,0.869
0000883975,Minerals Technologies Inc,2020,2819,Chemicals,NY,70.67,106.01,35.34,212.01,0.0,0.707,39.15,25.78,283,0,0,0.0,21.267,0.0748,0.805
0000915389,Eastman Chemical Company,2015,2821,Chemicals,TN,147.06,88.24,264.71,500.0,0.294,0.0,46.54,22.66,340,1,1,7544633.77,20.765,0.037,1.712
0000915389,Eastman Chemical Company,2016,2821,Chemicals,TN,213.9,80.21,160.43,454.55,0.267,0.535,42.55,28.64,374,0,0,0.0,21.02,-0.0022,0.482
0000915389,Eastman Chemical Company,2017,2821,Chemicals,TN,103.09,82.47,206.19,391.75,0.0,0.0,41.11,23.58,485,1,1,7870.14,20.696,0.0865,0.422
0000915389,Eastman Chemical Company,2018,2821,Chemicals,TN,28.57,114.29,228.57,371.43,0.286,0.0,46.16,25.79,350,1,2,28989.96,22.026,0.0588,0.839
0000915389,Eastman Chemical Company,2019,2821,Chemicals,TN,101.27,0.0,151.9,253.16,0.253,0.506,40.9,29.33,395,0,0,0.0,23.485,0.007,0.537
0000915389,Eastman Chemical Company,2020,2821,Chemicals,TN,68.26,170.65,170.65,409.56,0.0,0.0,52.96,25.5,293,0,0,0.0,22.205,0.0303,0.576
0000915913,Albemarle Corporation,2015,2819,Chemicals,NC,102.74,273.97,205.48,582.19,0.0,0.342,46.79,27.25,292,0,0,0.0,20.812,0.0433,1.516
0000915913,Albemarle Corporation,2016,2819,Chemicals,NC,184.7,105.54,395.78,686.02,0.528,0.792,46.81,22.97,379,0,0,0.0,22.192,0.0784,1.51
0000915913,Albemarle Corporation,2017,2819,Chemicals,NC,25.71,154.24,282.78,462.72,0.0,0.257,47.58,23.53,389,0,0,0.0,22.841,0.0748,0.434
0000915913,Albemarle Corporation,2018,2819,Chemicals,NC,54.2,135.5,216.8,406.5,0.0,0.271,43.23,25.33,369,0,0,0.0,22.678,0.0103,1.227
0000915913,Albemarle Corporation,2019,2819,Chemicals,NC,92.88,92.88,278.64,464.4,0.0,0.0,53.26,29.98,323,0,0,0.0,23.686,0.117,0.415
0000915913,Albemarle Corporation,2020,2819,Chemicals,NC,69.61,139.21,324.83,533.64,0.232,0.0,47.45,26.13,431,0,0,0.0,23.439,0.0153,1.773
0000922224,PPL Corporation,2015,4911,Utilities,PA,105.82,0.0,211.64,317.46,0.265,0.265,47.27,29.94,378,0,0,0.0,20.342,0.0057,1.462
0000922224,PPL Corporation,2016,4911,Utilities,PA,184.21,78.95,210.53,473.68,0.0,0.789,35.44,30.17,380,0,0,0.0,20.056,0.072,0.911
0000922224,PPL Corporation,2017,4911,Utilities,PA,0.0,71.43,178.57,250.0,0.357,0.0,47.23,28.96,280,0,0,0.0,21.37,-0.0049,0.498
0000922224,PPL Corporation,2018,4911,Utilities,PA,29.5,88.5,383.48,501.47,0.885,0.295,46.78,27.21,339,0,0,0.0,22.969,0.0514,0.991
0000922224,PPL Corporation,2019,4911,Utilities,PA,166.67,100.0,400.0,666.67,0.667,0.667,42.96,22.26,300,0,0,0.0,21.342,0.1166,1.623
0000922224,PPL Corporation,2020,4911,Utilities,PA,90.5,22.62,203.62,316.74,0.226,0.452,41.59,27.88,442,0,0,0.0,23.389,0.0418,0.425
0001001838,Southern Copper Corporation,2015,1021,Mining,AZ,70.75,94.34,141.51,306.6,0.0,0.472,36.49,27.1,424,1,2,71889.41,23.878,0.077,0.499
0001001838,Southern Copper Corporation,2016,1021,Mining,AZ,113.64,85.23,369.32,568.18,0.852,0.0,38.79,29.71,352,0,0,0.0,23.366,0.0665,1.302
0001001838,Southern Copper Corporation,2017,1021,Mining,AZ,131.93,131.93,369.39,633.25,0.0,0.264,35.57,30.29,379,0,0,0.0,23.153,0.0163,1.392
0001001838,Southern Copper Corporation,2018,1021,Mining,AZ,23.36,93.46,257.01,373.83,0.0,0.234,39.3,22.4,428,0,0,0.0,20.805,0.005,0.873
0001001838,Southern Copper Corporation,2019,1021,Mining,AZ,66.67,111.11,355.56,533.33,0.667,0.444,43.37,27.09,450,0,0,0.0,21.907,0.0179,0.441
0001001838,Southern Copper Corporation,2020,1021,Mining,AZ,34.36,137.46,274.91,446.74,0.344,0.344,47.1,25.96,291,0,0,0.0,21.195,0.1014,1.445
0001002910,Ameren Corporation,2015,4931,Utilities,MO,109.89,164.84,247.25,521.98,0.0,0.275,52.16,26.95,364,1,1,9852.42,20.524,0.0775,0.689
0001002910,Ameren Corporation,2016,4931,Utilities,MO,69.61,69.61,185.61,324.83,0.0,0.232,43.82,22.65,431,0,0,0.0,23.301,-0.0024,1.664
0001002910,Ameren Corporation,2017,4931,Utilities,MO,150.0,150.0,175.0,475.0,0.0,0.5,52.28,26.65,400,0,0,0.0,22.977,0.0667,1.524
0001002910,Ameren Corporation,2018,4931,Utilities,MO,73.17,121.95,219.51,414.63,0.488,0.0,43.64,29.86,410,0,0,0.0,21.85,0.1117,1.081
0001002910,Ameren Corporation,2019,4931,Utilities,MO,31.25,125.0,343.75,500.0,0.625,0.0,44.25,29.85,320,0,0,0.0,23.286,0.0576,0.652
0001002910,Ameren Corporation,2020,4931,Utilities,MO,78.33,182.77,130.55,391.64,0.261,0.783,44.36,31.68,383,0,0,0.0,23.012,0.0936,0.446
0001010672,BHP Group Limited,2015,1000,Mining,AU,65.15,162.87,130.29,358.31,0.0,0.651,44.36,28.47,307,0,0,0.0,23.32,-0.0131,1.593
0001010672,BHP Group Limited,2016,1000,Mining,AU,35.34,176.68,247.35,459.36,0.0,0.0,45.97,23.97,283,0,0,0.0,21.269,0.0195,1.143
0001010672,BHP Group Limited,2017,1000,Mining,AU,147.06,88.24,205.88,441.18,0.294,0.294,36.03,23.59,340,0,0,0.0,23.251,-0.0014,0.727
0001010672,BHP Group Limited,2018,1000,Mining,AU,99.5,99.5,323.38,522.39,0.746,0.0,44.07,27.17,402,1,1,141851.95,23.054,0.0426,1.506
0001010672,BHP Group Limited,2019,1000,Mining,AU,52.08,130.21,130.21,312.5,0.0,0.26,47.37,23.13,384,0,0,0.0,20.625,0.0412,0.956
0001010672,BHP Group Limited,2020,1000,Mining,AU,124.69,124.69,149.63,399.0,0.0,0.249,49.87,27.81,401,1,1,51891.92,21.553,0.0039,0.718
0001019849,NewMarket Corporation,2015,2869,Chemicals,VA,22.78,159.45,387.24,569.48,0.911,0.228,46.51,26.23,439,0,0,0.0,22.06,0.0039,1.328
0001019849,NewMarket Corporation,2016,2869,Chemicals,VA,216.35,192.31,240.38,649.04,0.0,0.721,52.05,24.58,416,0,0,0.0,21.966,0.1166,0.867
0001019849,NewMarket Corporation,2017,2869,Chemicals,VA,212.77,26.6,186.17,425.53,0.0,0.532,46.9,22.9,376,0,0,0.0,22.424,-0.0075,1.743
0001019849,NewMarket Corporation,2018,2869,Chemicals,VA,96.85,169.49,242.13,508.47,0.242,0.242,49.31,29.88,413,0,0,0.0,22.816,0.0626,1.03
0001019849,NewMarket Corporation,2019,2869,Chemicals,VA,110.8,193.91,166.2,470.91,0.277,0.277,52.17,31.57,361,0,0,0.0,21.996,0.1104,1.217
0001019849,NewMarket Corporation,2020,2869,Chemicals,VA,50.51,101.01,227.27,378.79,0.0,0.505,45.77,26.54,396,0,0,0.0,20.837,-0.0195,0.738
0001022671,Steel Dynamics Inc,2015,1011,Mining,IN,0.0,241.94,376.34,618.28,0.806,0.0,45.19,25.8,372,0,0,0.0,21.794,0.1173,0.89
0001022671,Steel Dynamics Inc,2016,1011,Mining,IN,108.4,189.7,352.3,650.41,0.271,0.0,44.04,23.34,369,0,0,0.0,20.192,0.0886,1.199
0001022671,Steel Dynamics Inc,2017,1011,Mining,IN,112.11,44.84,336.32,493.27,0.673,0.224,50.21,23.5,446,0,0,0.0,22.287,0.0155,0.719
0001022671,Steel Dynamics Inc,2018,1011,Mining,IN,89.02,237.39,267.06,593.47,0.593,0.297,35.23,23.3,337,1,2,698970.03,21.237,-0.0036,1.78
0001022671,Steel Dynamics Inc,2019,1011,Mining,IN,167.46,47.85,239.23,454.55,0.239,0.718,41.17,23.3,418,0,0,0.0,20.796,0.0623,0.49
0001022671,Steel Dynamics Inc,2020,1011,Mining,IN,25.84,155.04,232.56,413.44,0.517,0.0,52.25,31.61,387,0,0,0.0,20.987,0.043,0.431
0001031296,FirstEnergy Corp,2015,4911,Utilities,OH,80.0,160.0,186.67,426.67,0.0,0.533,47.81,26.14,375,0,0,0.0,21.08,0.009,1.316
0001031296,FirstEnergy Corp,2016,4911,Utilities,OH,29.5,176.99,412.98,619.47,0.59,0.295,43.32,23.8,339,0,0,0.0,22.756,0.0591,1.602
0001031296,FirstEnergy Corp,2017,4911,Utilities,OH,120.48,313.25,192.77,626.51,0.241,0.723,37.35,29.86,415,1,1,23648.26,22.694,-0.0039,1.373
0001031296,FirstEnergy Corp,2018,4911,Utilities,OH,29.67,178.04,326.41,534.12,0.297,0.0,43.83,31.45,337,0,0,0.0,20.566,0.07,0.935
0001031296,FirstEnergy Corp,2019,4911,Utilities,OH,59.88,149.7,59.88,269.46,0.0,0.299,54.14,25.3,334,0,0,0.0,23.849,0.1062,0.779
0001031296,FirstEnergy Corp,2020,4911,Utilities,OH,54.64,81.97,300.55,437.16,0.273,0.546,51.07,31.96,366,0,0,0.0,21.011,0.0411,1.128
0001032208,Sempra Energy,2015,4932,Utilities,CA,31.75,190.48,158.73,380.95,0.0,0.317,40.9,22.15,315,1,2,62167.4,20.881,0.0195,1.021
0001032208,Sempra Energy,2016,4932,Utilities,CA,68.49,171.23,171.23,410.96,0.342,0.0,38.42,30.73,292,0,0,0.0,22.82,-0.0081,1.31
0001032208,Sempra Energy,2017,4932,Utilities,CA,119.05,119.05,208.33,446.43,0.298,0.595,48.07,31.56,336,0,0,0.0,20.012,0.0147,1.699
0001032208,Sempra Energy,2018,4932,Utilities,CA,96.15,72.12,312.5,480.77,0.0,0.0,53.64,29.21,416,1,2,36214.49,23.063,-0.0072,1.119
0001032208,Sempra Energy,2019,4932,Utilities,CA,97.32,24.33,243.31,364.96,0.487,0.243,39.63,23.81,411,0,0,0.0,23.241,-0.0011,1.056
0001032208,Sempra Energy,2020,4932,Utilities,CA,75.76,151.52,277.78,505.05,0.253,0.0,53.77,23.86,396,0,0,0.0,23.912,0.1192,1.178
0001037676,Arch Resources Inc,2015,1221,Mining,MO,23.75,71.26,427.55,522.57,0.238,0.0,38.4,25.16,421,0,0,0.0,21.698,0.0233,0.793
0001037676,Arch Resources Inc,2016,1221,Mining,MO,99.01,148.51,222.77,470.3,0.248,0.0,54.44,23.53,404,1,3,108690.15,22.933,-0.0199,1.235
0001037676,Arch Resources Inc,2017,1221,Mining,MO,0.0,60.61,303.03,363.64,0.303,0.0,53.32,24.88,330,1,1,27545.61,20.742,0.0712,1.398
0001037676,Arch Resources Inc,2018,1221,Mining,MO,27.7,249.31,332.41,609.42,0.277,0.277,48.76,25.19,361,1,2,34629.15,21.009,0.1138,1.693
0001037676,Arch Resources Inc,2019,1221,Mining,MO,144.23,72.12,144.23,360.58,0.0,0.24,44.15,30.46,416,1,1,28365.59,21.809,0.0394,0.619
0001037676,Arch Resources Inc,2020,1221,Mining,MO,80.43,80.43,321.72,482.57,0.804,0.804,43.53,27.37,373,0,0,0.0,20.09,0.0422,1.494
0001045450,Dominion Energy Inc,2015,4931,Utilities,VA,165.29,82.64,137.74,385.67,0.0,0.275,48.6,28.35,363,1,1,15532.07,23.638,-0.0175,1.18
0001045450,Dominion Energy Inc,2016,4931,Utilities,VA,99.01,198.02,321.78,618.81,0.0,0.248,50.75,27.41,404,0,0,0.0,21.296,-0.0009,1.643
0001045450,Dominion Energy Inc,2017,4931,Utilities,VA,68.49,45.66,319.63,433.79,0.0,0.228,44.42,30.78,438,0,0,0.0,22.343,0.0744,1.526
0001045450,Dominion Energy Inc,2018,4931,Utilities,VA,68.49,136.99,342.47,547.95,0.457,0.0,48.18,25.98,438,0,0,0.0,22.055,0.0924,0.923
0001045450,Dominion Energy Inc,2019,4931,Utilities,VA,58.82,147.06,294.12,500.0,0.294,0.588,42.76,22.96,340,0,0,0.0,23.658,-0.0073,1.307
0001045450,Dominion Energy Inc,2020,4931,Utilities,VA,98.52,98.52,270.94,467.98,0.246,0.493,43.26,26.06,406,0,0,0.0,22.718,-0.0106,1.231
0001046568,Kaiser Aluminum Corp,2015,1000,Mining,CA,61.54,61.54,123.08,246.15,0.0,0.615,50.44,30.28,325,1,1,61103.53,20.682,0.1056,1.319
0001046568,Kaiser Aluminum Corp,2016,1000,Mining,CA,115.21,161.29,368.66,645.16,0.691,0.0,52.64,26.85,434,0,0,0.0,22.168,0.1087,1.66
0001046568,Kaiser Aluminum Corp,2017,1000,Mining,CA,0.0,127.8,287.54,415.34,0.0,0.0,43.96,24.74,313,0,0,0.0,21.573,0.0343,0.802
0001046568,Kaiser Aluminum Corp,2018,1000,Mining,CA,70.42,46.95,234.74,352.11,0.939,0.0,40.37,30.61,426,0,0,0.0,20.279,0.0749,0.642
0001046568,Kaiser Aluminum Corp,2019,1000,Mining,CA,37.17,37.17,297.4,371.75,0.0,0.0,41.89,22.62,269,1,1,14599.53,21.08,0.0876,1.639
0001046568,Kaiser Aluminum Corp,2020,1000,Mining,CA,100.0,125.0,275.0,500.0,0.5,0.0,39.43,26.64,400,1,4,184253.25,21.881,0.1023,1.468
0001047862,Consolidated Edison Inc,2015,4931,Utilities,NY,80.0,213.33,240.0,533.33,0.267,0.267,45.26,28.71,375,0,0,0.0,23.389,-0.0187,0.964
0001047862,Consolidated Edison Inc,2016,4931,Utilities,NY,75.95,177.22,278.48,531.65,0.506,0.253,53.14,29.4,395,0,0,0.0,22.171,0.0542,0.887
0001047862,Consolidated Edison Inc,2017,4931,Utilities,NY,100.76,125.94,352.64,579.35,0.504,0.756,45.41,28.55,397,0,0,0.0,21.673,0.08,1.606
0001047862,Consolidated Edison Inc,2018,4931,Utilities,NY,136.05,136.05,249.43,521.54,0.227,0.0,38.09,26.52,441,0,0,0.0,21.632,0.0762,0.75
0001047862,Consolidated Edison Inc,2019,4931,Utilities,NY,176.77,151.52,151.52,479.8,0.0,0.253,47.81,30.77,396,0,0,0.0,21.673,0.1075,1.79
0001047862,Consolidated Edison Inc,2020,4931,Utilities,NY,72.99,145.99,243.31,462.29,0.243,0.487,37.12,24.33,411,0,0,0.0,23.802,0.1142,0.537
0001050348,Century Aluminum Company,2015,1000,Mining,IL,99.26,148.88,49.63,297.77,0.0,0.248,35.3,23.61,403,1,1,1186.35,23.984,0.0052,1.104
0001050348,Century Aluminum Company,2016,1000,Mining,IL,51.81,207.25,207.25,466.32,0.259,0.0,51.97,22.2,386,0,0,0.0,22.418,0.0188,1.607
0001050348,Century Aluminum Company,2017,1000,Mining,IL,68.18,204.55,340.91,613.64,0.455,0.0,40.67,28.87,440,0,0,0.0,22.697,0.011,0.449
0001050348,Century Aluminum Company,2018,1000,Mining,IL,75.38,251.26,376.88,703.52,0.251,0.503,43.18,24.89,398,0,0,0.0,23.236,0.0921,1.04
0001050348,Century Aluminum Company,2019,1000,Mining,IL,152.67,152.67,203.56,508.91,0.254,1.018,47.13,28.04,393,0,0,0.0,23.309,0.0395,0.786
0001050348,Century Aluminum Company,2020,1000,Mining,IL,208.96,179.1,238.81,626.87,0.0,0.896,40.3,27.36,335,0,0,0.0,21.797,0.0416,0.528
0001064728,Peabody Energy Corp,2015,1221,Mining,MO,177.22,50.63,227.85,455.7,0.253,0.0,49.37,24.14,395,0,0,0.0,20.788,0.0378,0.719
0001064728,Peabody Energy Corp,2016,1221,Mining,MO,53.76,188.17,349.46,591.4,0.538,0.538,46.68,25.71,372,1,2,8721.28,21.796,0.0552,0.685
0001064728,Peabody Energy Corp,2017,1221,Mining,MO,110.5,55.25,165.75,331.49,0.552,0.276,38.12,30.8,362,1,1,37740.58,21.735,0.0377,0.45
0001064728,Peabody Energy Corp,2018,1221,Mining,MO,126.18,220.82,252.37,599.37,0.315,0.946,44.96,27.54,317,1,3,188702.17,22.235,0.079,0.648
0001064728,Peabody Energy Corp,2019,1221,Mining,MO,117.99,0.0,235.99,353.98,0.0,0.0,40.04,30.11,339,0,0,0.0,23.789,-0.001,1.097
0001064728,Peabody Energy Corp,2020,1221,Mining,MO,0.0,191.39,334.93,526.32,0.718,0.0,39.28,22.6,418,0,0,0.0,21.302,0.0001,1.394
0001075531,Alliance Resource Partners,2015,1221,Mining,OK,70.42,70.42,328.64,469.48,0.469,0.235,45.67,23.44,426,0,0,0.0,20.037,0.0931,0.647
0001075531,Alliance Resource Partners,2016,1221,Mining,OK,0.0,140.35,350.88,491.23,0.702,0.0,47.12,25.37,285,0,0,0.0,22.342,0.0242,0.522
0001075531,Alliance Resource Partners,2017,1221,Mining,OK,64.72,0.0,129.45,194.17,0.324,0.647,39.46,23.88,309,0,0,0.0,21.712,0.0722,0.769
0001075531,Alliance Resource Partners,2018,1221,Mining,OK,0.0,147.93,295.86,443.79,0.296,0.0,35.24,27.19,338,0,0,0.0,22.423,0.1148,1.225
0001075531,Alliance Resource Partners,2019,1221,Mining,OK,112.36,89.89,157.3,359.55,0.0,0.225,44.42,27.73,445,0,0,0.0,23.712,0.096,0.852
0001075531,Alliance Resource Partners,2020,1221,Mining,OK,81.74,217.98,354.22,653.95,0.545,0.272,39.75,24.63,367,0,0,0.0,22.018,0.0842,1.105
0001087423,Rio Tinto plc,2015,1000,Mining,UK,73.71,294.84,221.13,589.68,0.246,0.491,36.36,29.24,407,1,4,8549.37,23.224,0.0205,1.33
0001087423,Rio Tinto plc,2016,1000,Mining,UK,0.0,68.26,341.3,409.56,0.683,0.0,43.53,30.89,293,0,0,0.0,23.381,0.0536,1.368
0001087423,Rio Tinto plc,2017,1000,Mining,UK,54.79,246.58,246.58,547.95,0.274,0.274,52.67,26.96,365,1,1,13362.37,21.253,0.0855,0.708
0001087423,Rio Tinto plc,2018,1000,Mining,UK,54.2,135.5,216.8,406.5,0.0,0.271,42.77,30.66,369,0,0,0.0,22.898,0.0365,0.701
0001087423,Rio Tinto plc,2019,1000,Mining,UK,166.11,99.67,265.78,531.56,0.0,0.0,42.12,24.84,301,1,2,448077.0,20.704,0.0841,0.753
0001087423,Rio Tinto plc,2020,1000,Mining,UK,124.22,93.17,186.34,403.73,0.311,0.311,44.08,25.86,322,0,0,0.0,23.928,0.0348,0.512
0001109357,Exelon Corporation,2015,4911,Utilities,IL,100.5,75.38,276.38,452.26,0.754,0.0,36.8,27.91,398,0,0,0.0,22.397,0.0386,1.005
0001109357,Exelon Corporation,2016,4911,Utilities,IL,82.42,82.42,219.78,384.62,0.0,0.549,36.08,27.17,364,0,0,0.0,22.019,0.0009,0.545
0001109357,Exelon Corporation,2017,4911,Utilities,IL,50.25,175.88,226.13,452.26,0.251,0.0,37.47,23.01,398,0,0,0.0,22.439,0.0075,0.752
0001109357,Exelon Corporation,2018,4911,Utilities,IL,64.38,107.3,193.13,364.81,0.215,0.0,38.47,31.58,466,1,1,14052.86,23.418,0.0123,0.859
0001109357,Exelon Corporation,2019,4911,Utilities,IL,0.0,121.36,388.35,509.71,0.728,0.0,39.2,26.92,412,0,0,0.0,20.078,0.074,1.132
0001109357,Exelon Corporation,2020,4911,Utilities,IL,65.79,153.51,131.58,350.88,0.0,0.439,52.97,23.64,456,1,3,101221.12,23.216,0.0909,0.578
0001111711,NiSource Inc,2015,4924,Utilities,IN,75.19,100.25,350.88,526.32,0.501,0.0,42.97,23.7,399,1,1,54520.24,21.019,0.0169,1.179
0001111711,NiSource Inc,2016,4924,Utilities,IN,53.91,161.73,296.5,512.13,0.539,0.0,43.23,31.48,371,0,0,0.0,20.505,0.1163,0.723
0001111711,NiSource Inc,2017,4924,Utilities,IN,0.0,208.33,238.1,446.43,0.298,0.0,50.46,25.39,336,0,0,0.0,20.572,0.1001,0.832
0001111711,NiSource Inc,2018,4924,Utilities,IN,80.86,188.68,242.59,512.13,0.0,0.27,48.18,27.66,371,0,0,0.0,21.887,0.0494,1.425
0001111711,NiSource Inc,2019,4924,Utilities,IN,82.87,110.5,303.87,497.24,0.0,0.0,36.76,28.68,362,0,0,0.0,23.583,-0.0119,0.597
0001111711,NiSource Inc,2020,4924,Utilities,IN,86.96,231.88,231.88,550.72,0.0,0.0,49.33,26.37,345,0,0,0.0,21.614,-0.0008,1.109
0001130310,CenterPoint Energy Inc,2015,4932,Utilities,TX,54.05,54.05,378.38,486.49,0.811,0.27,37.53,26.77,370,0,0,0.0,23.054,0.0162,1.073
0001130310,CenterPoint Energy Inc,2016,4932,Utilities,TX,54.95,137.36,54.95,247.25,0.0,0.0,54.84,28.87,364,0,0,0.0,23.365,0.0381,1.475
0001130310,CenterPoint Energy Inc,2017,4932,Utilities,TX,73.53,196.08,269.61,539.22,0.245,0.245,35.81,23.23,408,0,0,0.0,20.812,0.0363,1.584
0001130310,CenterPoint Energy Inc,2018,4932,Utilities,TX,0.0,32.89,427.63,460.53,0.987,0.0,41.93,28.55,304,0,0,0.0,22.837,0.0621,0.9
0001130310,CenterPoint Energy Inc,2019,4932,Utilities,TX,144.4,36.1,180.51,361.01,0.361,0.361,46.54,25.42,277,1,1,15486.64,20.335,0.119,0.578
0001130310,CenterPoint Energy Inc,2020,4932,Utilities,TX,98.52,221.67,295.57,615.76,0.246,0.246,36.45,30.79,406,0,0,0.0,21.207,0.071,0.861
0001163165,Entergy Corporation,2015,4911,Utilities,LA,23.36,163.55,186.92,373.83,0.234,0.234,42.83,24.62,428,0,0,0.0,21.372,0.0375,1.409
0001163165,Entergy Corporation,2016,4911,Utilities,LA,73.35,122.25,244.5,440.1,0.0,0.489,45.23,31.44,409,0,0,0.0,20.168,0.0504,1.218
0001163165,Entergy Corporation,2017,4911,Utilities,LA,66.23,198.68,220.75,485.65,0.442,0.221,53.4,22.49,453,0,0,0.0,22.294,0.0995,0.739
0001163165,Entergy Corporation,2018,4911,Utilities,LA,68.49,205.48,205.48,479.45,0.0,0.342,52.53,22.19,292,0,0,0.0,22.93,0.1106,1.32
0001163165,Entergy Corporation,2019,4911,Utilities,LA,104.17,104.17,208.33,416.67,0.521,0.521,43.78,22.45,384,0,0,0.0,23.68,0.0458,0.441
0001163165,Entergy Corporation,2020,4911,Utilities,LA,65.08,86.77,282.0,433.84,0.651,0.217,48.8,26.82,461,1,2,112933.62,20.497,0.01,0.49
0001163302,United States Steel Corp,2015,1011,Mining,PA,91.74,122.32,214.07,428.13,0.306,0.0,46.49,28.22,327,1,1,2107.85,22.023,0.0944,1.605
0001163302,United States Steel Corp,2016,1011,Mining,PA,126.26,126.26,227.27,479.8,0.253,0.253,47.31,22.13,396,0,0,0.0,22.781,0.0385,1.192
0001163302,United States Steel Corp,2017,1011,Mining,PA,92.17,207.37,253.46,553.0,0.461,0.0,47.98,25.5,434,1,1,6116.97,23.668,-0.0012,1.34
0001163302,United States Steel Corp,2018,1011,Mining,PA,177.22,101.27,227.85,506.33,0.253,0.0,35.09,31.25,395,1,2,35402.49,20.45,-0.0067,0.866
0001163302,United States Steel Corp,2019,1011,Mining,PA,70.92,106.38,177.3,354.61,0.0,0.355,42.47,24.14,282,0,0,0.0,22.34,0.042,0.448
0001163302,United States Steel Corp,2020,1011,Mining,PA,156.66,78.33,261.1,496.08,0.261,0.522,41.39,30.1,383,1,2,33555.28,22.759,0.0815,1.377
0001164727,Newmont Corporation,2015,1040,Mining,CO,0.0,189.57,284.36,473.93,0.0,0.0,41.22,23.0,422,0,0,0.0,21.09,0.0964,1.773
0001164727,Newmont Corporation,2016,1040,Mining,CO,0.0,75.57,226.7,302.27,0.252,0.0,44.88,22.1,397,0,0,0.0,20.56,0.0251,1.21
0001164727,Newmont Corporation,2017,1040,Mining,CO,26.74,80.21,213.9,320.86,0.0,0.267,36.5,31.43,374,0,0,0.0,21.46,0.1078,1.493
0001164727,Newmont Corporation,2018,1040,Mining,CO,98.04,196.08,294.12,588.24,0.49,0.245,50.11,28.07,408,0,0,0.0,22.507,0.0693,1.28
0001164727,Newmont Corporation,2019,1040,Mining,CO,48.66,145.99,340.63,535.28,0.243,0.243,46.07,31.86,411,0,0,0.0,22.929,0.0888,1.621
0001164727,Newmont Corporation,2020,1040,Mining,CO,60.06,210.21,150.15,420.42,0.3,0.601,39.31,22.84,333,1,1,641409.47,21.932,0.052,1.561
0001201520,Compass Minerals Intl,2015,1474,Mining,KS,81.47,81.47,305.5,468.43,0.407,0.0,43.88,27.71,491,0,0,0.0,22.108,-0.0147,1.261
0001201520,Compass Minerals Intl,2016,1474,Mining,KS,67.34,134.68,303.03,505.05,0.673,0.337,51.56,23.58,297,0,0,0.0,22.377,0.0631,0.63
0001201520,Compass Minerals Intl,2017,1474,Mining,KS,26.39,158.31,263.85,448.55,0.0,0.264,37.47,31.8,379,0,0,0.0,21.575,0.0118,0.64
0001201520,Compass Minerals Intl,2018,1474,Mining,KS,84.03,112.04,224.09,420.17,0.28,0.0,48.35,28.09,357,1,1,26394.87,22.574,-0.0077,1.651
0001201520,Compass Minerals Intl,2019,1474,Mining,KS,0.0,59.52,267.86,327.38,0.298,0.0,42.79,25.13,336,0,0,0.0,21.849,0.0346,1.609
0001201520,Compass Minerals Intl,2020,1474,Mining,KS,87.21,145.35,174.42,406.98,0.0,0.0,53.59,25.03,344,0,0,0.0,23.456,0.0894,1.703
0001258290,Cleveland-Cliffs Inc,2015,1011,Mining,OH,95.54,63.69,286.62,445.86,0.637,0.0,39.92,27.77,314,0,0,0.0,21.098,0.0954,0.407
0001258290,Cleveland-Cliffs Inc,2016,1011,Mining,OH,149.25,298.51,179.1,626.87,0.299,0.299,46.3,25.39,335,0,0,0.0,21.291,0.0703,1.592
0001258290,Cleveland-Cliffs Inc,2017,1011,Mining,OH,0.0,82.64,137.74,220.39,0.0,0.0,47.18,30.53,363,0,0,0.0,21.058,0.0527,1.031
0001258290,Cleveland-Cliffs Inc,2018,1011,Mining,OH,0.0,313.39,227.92,541.31,0.0,0.0,35.23,27.57,351,0,0,0.0,22.646,0.0629,1.431
0001258290,Cleveland-Cliffs Inc,2019,1011,Mining,OH,67.26,44.84,291.48,403.59,0.448,0.448,46.43,22.67,446,0,0,0.0,20.466,0.0635,0.785
0001258290,Cleveland-Cliffs Inc,2020,1011,Mining,OH,0.0,130.55,287.21,417.75,0.261,0.0,36.59,26.3,383,0,0,0.0,22.217,0.026,1.409
0001262823,Westlake Corporation,2015,2821,Chemicals,TX,65.79,65.79,263.16,394.74,0.329,0.0,47.88,25.33,304,0,0,0.0,23.019,0.0708,1.292
0001262823,Westlake Corporation,2016,2821,Chemicals,TX,105.54,131.93,158.31,395.78,0.0,0.0,46.07,22.11,379,0,0,0.0,22.786,0.0326,1.72
0001262823,Westlake Corporation,2017,2821,Chemicals,TX,28.82,115.27,172.91,317.0,0.288,0.0,51.36,27.88,347,0,0,0.0,21.009,0.0085,0.877
0001262823,Westlake Corporation,2018,2821,Chemicals,TX,198.51,124.07,173.7,496.28,0.0,0.248,44.53,24.96,403,0,0,0.0,22.06,0.0032,1.769
0001262823,Westlake Corporation,2019,2821,Chemicals,TX,70.59,94.12,376.47,541.18,0.471,0.706,37.16,31.32,425,0,0,0.0,23.654,0.0536,1.415
0001262823,Westlake Corporation,2020,2821,Chemicals,TX,25.45,101.78,152.67,279.9,0.0,0.0,43.72,28.3,393,0,0,0.0,21.362,0.0222,1.21
0001285785,Mosaic Company,2015,1474,Mining,FL,30.72,46.08,322.58,399.39,0.307,0.0,44.96,27.8,651,0,0,0.0,21.147,0.0314,0.517
0001285785,Mosaic Company,2016,1474,Mining,FL,77.22,193.05,193.05,463.32,0.129,0.257,36.05,24.53,777,0,0,0.0,20.297,-0.0055,1.538
0001285785,Mosaic Company,2017,1474,Mining,FL,29.5,221.24,280.24,530.97,0.147,0.0,35.78,28.59,678,0,0,0.0,21.09,0.102,1.079
0001285785,Mosaic Company,2018,1474,Mining,FL,86.1,135.3,307.5,528.91,0.123,0.369,41.11,27.18,813,0,0,0.0,21.528,0.059,0.56
0001285785,Mosaic Company,2019,1474,Mining,FL,52.84,171.73,330.25,554.82,0.132,0.132,54.94,26.26,757,1,1,18964.99,21.393,0.0794,0.909
0001285785,Mosaic Company,2020,1474,Mining,FL,110.57,110.57,245.7,466.83,0.0,0.246,51.67,26.54,814,1,1,31585.1,22.878,-0.005,1.585
0001306830,Celanese Corporation,2015,2821,Chemicals,TX,190.74,136.24,217.98,544.96,0.0,0.272,49.71,24.12,367,0,0,0.0,20.581,0.0243,1.766
0001306830,Celanese Corporation,2016,2821,Chemicals,TX,24.1,240.96,289.16,554.22,0.482,0.241,40.14,26.56,415,0,0,0.0,20.12,0.0356,1.2
0001306830,Celanese Corporation,2017,2821,Chemicals,TX,110.8,138.5,221.61,470.91,0.0,0.554,54.06,27.17,361,0,0,0.0,23.276,0.0566,0.457
0001306830,Celanese Corporation,2018,2821,Chemicals,TX,30.12,90.36,150.6,271.08,0.0,0.301,41.3,27.76,332,1,1,50694.4,23.802,0.1003,0.72
0001306830,Celanese Corporation,2019,2821,Chemicals,TX,94.04,31.35,188.09,313.48,0.313,0.313,39.4,24.01,319,0,0,0.0,23.69,0.0994,1.485
0001306830,Celanese Corporation,2020,2821,Chemicals,TX,22.94,137.61,298.17,458.72,0.229,0.0,42.85,27.04,436,0,0,0.0,21.857,0.0155,1.107
0001307954,Huntsman Corporation,2015,2821,Chemicals,TX,78.95,78.95,289.47,447.37,0.0,0.263,35.61,23.32,380,0,0,0.0,23.546,0.0852,0.992
0001307954,Huntsman Corporation,2016,2821,Chemicals,TX,144.09,86.46,317.0,547.55,0.288,0.288,45.34,25.7,347,0,0,0.0,22.963,0.0898,1.469
0001307954,Huntsman Corporation,2017,2821,Chemicals,TX,139.86,116.55,279.72,536.13,0.0,0.466,49.45,24.05,429,0,0,0.0,21.352,0.0458,0.863
0001307954,Huntsman Corporation,2018,2821,Chemicals,TX,89.29,267.86,178.57,535.71,0.0,0.298,50.1,25.29,336,1,1,14945.46,20.553,0.0359,1.772
0001307954,Huntsman Corporation,2019,2821,Chemicals,TX,118.69,59.35,237.39,415.43,0.0,0.593,39.52,28.12,337,0,0,0.0,21.732,-0.0101,1.083
0001307954,Huntsman Corporation,2020,2821,Chemicals,TX,28.41,28.41,426.14,482.95,1.136,0.284,49.04,27.13,352,0,0,0.0,23.488,0.0205,0.521
0001324356,Eversource Energy,2015,4931,Utilities,MA,135.75,90.5,158.37,384.62,0.226,1.131,53.73,25.78,442,0,0,0.0,22.306,0.0909,0.854
0001324356,Eversource Energy,2016,4931,Utilities,MA,58.31,291.55,145.77,495.63,0.292,0.583,49.32,23.35,343,1,1,24.56,21.165,0.0003,1.536
0001324356,Eversource Energy,2017,4931,Utilities,MA,107.24,134.05,294.91,536.19,0.536,0.536,39.45,29.17,373,0,0,0.0,23.773,0.0539,1.156
0001324356,Eversource Energy,2018,4931,Utilities,MA,99.01,165.02,264.03,528.05,0.33,0.33,44.22,25.26,303,0,0,0.0,21.903,0.0644,1.78
0001324356,Eversource Energy,2019,4931,Utilities,MA,136.05,102.04,238.1,476.19,0.34,0.34,53.76,30.62,294,1,1,118.23,23.557,0.0455,1.32
0001324356,Eversource Energy,2020,4931,Utilities,MA,95.85,191.69,127.8,415.34,0.0,0.639,52.9,25.93,313,0,0,0.0,23.847,0.0382,1.242
0001324404,CF Industries Holdings,2015,2873,Chemicals,IL,32.26,161.29,193.55,387.1,0.0,0.323,49.2,31.51,310,0,0,0.0,20.978,0.0845,1.129
0001324404,CF Industries Holdings,2016,2873,Chemicals,IL,71.26,166.27,166.27,403.8,0.0,0.713,40.37,29.77,421,0,0,0.0,22.209,0.0725,0.852
0001324404,CF Industries Holdings,2017,2873,Chemicals,IL,141.84,23.64,212.77,378.25,0.236,0.473,44.63,28.17,423,0,0,0.0,21.62,0.0078,1.746
0001324404,CF Industries Holdings,2018,2873,Chemicals,IL,62.7,156.74,94.04,313.48,0.0,0.627,45.23,29.34,319,0,0,0.0,21.644,0.0297,0.97
0001324404,CF Industries Holdings,2019,2873,Chemicals,IL,118.2,70.92,378.25,567.38,0.473,0.236,43.18,27.44,423,1,1,1938.07,22.174,0.0496,0.589
0001324404,CF Industries Holdings,2020,2873,Chemicals,IL,52.91,132.28,238.1,423.28,0.0,0.265,44.92,23.69,378,0,0,0.0,20.505,0.1106,1.247
0001326160,Duke Energy Corporation,2015,4911,Utilities,NC,157.23,31.45,125.79,314.47,0.0,0.0,48.19,26.02,318,0,0,0.0,23.636,0.0693,1.477
0001326160,Duke Energy Corporation,2016,4911,Utilities,NC,0.0,263.16,473.68,736.84,0.263,0.0,42.37,31.6,380,1,3,282273.3,23.282,0.0996,0.641
0001326160,Duke Energy Corporation,2017,4911,Utilities,NC,234.9,100.67,167.79,503.36,0.336,0.0,40.42,24.86,298,1,1,849.14,21.084,0.0998,0.445
0001326160,Duke Energy Corporation,2018,4911,Utilities,NC,86.21,114.94,143.68,344.83,0.0,0.287,36.52,24.74,348,1,1,16671.35,20.799,0.0125,1.517
0001326160,Duke Energy Corporation,2019,4911,Utilities,NC,100.76,75.57,176.32,352.64,0.0,0.756,46.26,22.06,397,0,0,0.0,21.717,0.0371,0.56
0001326160,Duke Energy Corporation,2020,4911,Utilities,NC,85.29,149.25,383.8,618.34,0.213,0.426,48.52,29.02,469,0,0,0.0,22.884,0.082,0.4
0001489393,LyondellBasell Industries,2015,2821,Chemicals,TX,44.84,134.53,201.79,381.17,0.0,0.224,54.08,30.14,446,0,0,0.0,23.616,-0.0178,1.707
0001489393,LyondellBasell Industries,2016,2821,Chemicals,TX,70.26,46.84,281.03,398.13,0.234,0.234,51.2,30.37,427,0,0,0.0,20.373,0.0834,1.744
0001489393,LyondellBasell Industries,2017,2821,Chemicals,TX,119.62,71.77,215.31,406.7,0.239,0.239,48.57,27.71,418,1,2,13816.96,23.783,0.042,1.239
0001489393,LyondellBasell Industries,2018,2821,Chemicals,TX,0.0,175.44,280.7,456.14,0.351,0.0,44.53,31.33,285,0,0,0.0,20.304,0.0502,1.362
0001489393,LyondellBasell Industries,2019,2821,Chemicals,TX,46.51,69.77,418.6,534.88,0.93,0.0,50.84,27.83,430,1,1,230205.55,23.636,0.1119,0.49
0001489393,LyondellBasell Industries,2020,2821,Chemicals,TX,70.26,140.52,257.61,468.38,0.0,0.703,43.05,22.23,427,0,0,0.0,21.318,0.0552,1.675
0001627223,Chemours Company,2015,2816,Chemicals,DE,104.82,146.75,104.82,356.39,0.21,0.629,51.93,23.27,477,0,0,0.0,20.372,0.0625,1.145
0001627223,Chemours Company,2016,2816,Chemicals,DE,122.25,195.6,342.3,660.15,0.489,0.244,40.33,30.99,409,0,0,0.0,23.709,0.0364,1.646
0001627223,Chemours Company,2017,2816,Chemicals,DE,70.59,47.06,329.41,447.06,0.941,0.471,42.68,29.37,425,0,0,0.0,21.904,-0.0028,1.699
0001627223,Chemours Company,2018,2816,Chemicals,DE,107.53,53.76,80.65,241.94,0.0,0.0,44.08,29.34,372,0,0,0.0,21.469,-0.0174,0.541
0001627223,Chemours Company,2019,2816,Chemicals,DE,97.09,97.09,258.9,453.07,0.647,0.324,44.92,28.9,309,0,0,0.0,21.339,0.0774,1.378
0001627223,Chemours Company,2020,2816,Chemicals,DE,186.05,93.02,302.33,581.4,0.233,0.0,49.08,26.93,430,0,0,0.0,23.66,0.0485,1.03
0001666700,DuPont de Nemours Inc,2015,2800,Chemicals,DE,0.0,185.87,111.52,297.4,0.372,0.0,38.99,25.08,269,0,0,0.0,20.169,0.0687,0.748
0001666700,DuPont de Nemours Inc,2016,2800,Chemicals,DE,90.63,241.69,332.33,664.65,0.0,0.302,41.08,29.71,331,0,0,0.0,21.309,0.0139,0.637
0001666700,DuPont de Nemours Inc,2017,2800,Chemicals,DE,102.04,102.04,272.11,476.19,0.68,1.02,50.5,23.3,294,1,1,32915.21,21.815,0.051,1.362
0001666700,DuPont de Nemours Inc,2018,2800,Chemicals,DE,45.66,136.99,251.14,433.79,0.228,0.0,47.67,30.11,438,0,0,0.0,20.179,0.0215,0.792
0001666700,DuPont de Nemours Inc,2019,2800,Chemicals,DE,0.0,91.19,212.77,303.95,0.0,0.0,37.92,24.89,329,1,2,16343.44,21.239,0.0531,1.329
0001666700,DuPont de Nemours Inc,2020,2800,Chemicals,DE,28.17,28.17,197.18,253.52,0.0,0.0,42.62,29.19,355,0,0,0.0,21.345,0.0206,1.158
0001674910,Valvoline Inc,2015,2842,Chemicals,KY,75.57,75.57,151.13,302.27,0.0,0.504,35.47,22.8,397,0,0,0.0,21.672,0.112,1.41
0001674910,Valvoline Inc,2016,2842,Chemicals,KY,133.33,186.67,346.67,666.67,0.267,0.267,36.76,30.46,375,0,0,0.0,22.929,0.0655,1.548
0001674910,Valvoline Inc,2017,2842,Chemicals,KY,0.0,109.59,301.37,410.96,0.0,0.0,43.08,24.22,365,0,0,0.0,22.048,0.0568,1.154
0001674910,Valvoline Inc,2018,2842,Chemicals,KY,0.0,36.36,145.45,181.82,0.364,0.0,46.3,31.49,275,0,0,0.0,23.609,0.1026,1.522
0001674910,Valvoline Inc,2019,2842,Chemicals,KY,202.31,28.9,260.12,491.33,0.578,0.289,53.87,22.98,346,0,0,0.0,21.06,0.0493,1.585
0001674910,Valvoline Inc,2020,2842,Chemicals,KY,46.4,69.61,162.41,278.42,0.232,0.0,45.1,29.48,431,0,0,0.0,20.556,0.0153,1.424
0001675149,Alcoa Corporation,2015,1000,Mining,PA,88.5,59.0,265.49,412.98,0.0,0.295,38.29,25.51,339,1,1,10844.39,21.059,0.029,1.392
0001675149,Alcoa Corporation,2016,1000,Mining,PA,0.0,225.56,300.75,526.32,0.251,0.0,42.36,27.55,399,1,1,2914.02,20.4,0.0927,0.918
0001675149,Alcoa Corporation,2017,1000,Mining,PA,172.41,123.15,172.41,467.98,0.246,0.246,47.97,29.25,406,1,1,600.03,20.839,0.1039,1.263
0001675149,Alcoa Corporation,2018,1000,Mining,PA,28.74,86.21,373.56,488.51,0.862,0.287,43.57,23.82,348,0,0,0.0,23.769,0.0857,0.691
0001675149,Alcoa Corporation,2019,1000,Mining,PA,74.26,173.27,346.53,594.06,0.248,0.0,41.75,30.1,404,0,0,0.0,22.783,0.0872,1.018
0001675149,Alcoa Corporation,2020,1000,Mining,PA,26.11,443.86,339.43,809.4,0.0,0.261,49.33,25.86,383,1,3,2554.51,20.845,0.0686,1.766
0001707919,Warrior Met Coal Inc,2015,1221,Mining,AL,61.6,123.2,123.2,308.01,0.205,0.205,41.21,26.61,487,0,0,0.0,22.696,0.0558,1.581
0001707919,Warrior Met Coal Inc,2016,1221,Mining,AL,117.1,70.26,187.35,374.71,0.234,0.468,50.23,22.58,427,1,1,4097.11,23.994,0.0853,1.609
0001707919,Warrior Met Coal Inc,2017,1221,Mining,AL,23.15,92.59,185.19,300.93,0.0,0.231,48.02,30.56,432,0,0,0.0,20.45,0.0287,1.627
0001707919,Warrior Met Coal Inc,2018,1221,Mining,AL,126.58,31.65,411.39,569.62,0.633,0.0,39.03,22.78,316,1,3,338474.74,23.152,0.097,0.628
0001707919,Warrior Met Coal Inc,2019,1221,Mining,AL,42.28,253.7,317.12,613.11,0.634,0.211,52.09,28.87,473,0,0,0.0,22.08,0.0962,0.987
0001707919,Warrior Met Coal Inc,2020,1221,Mining,AL,129.87,173.16,367.97,671.0,0.649,0.0,38.88,24.85,462,1,1,4223.06,22.021,0.0544,1.528
0001751788,Dow Inc,2015,2821,Chemicals,MI,67.42,179.78,292.13,539.33,0.449,0.674,50.83,27.81,445,1,3,44488.67,23.123,0.0068,0.47
0001751788,Dow Inc,2016,2821,Chemicals,MI,28.57,85.71,314.29,428.57,0.857,0.286,52.47,22.76,350,0,0,0.0,20.987,0.0773,0.973
0001751788,Dow Inc,2017,2821,Chemicals,MI,166.2,27.7,277.01,470.91,0.277,0.277,52.53,24.98,361,0,0,0.0,20.047,0.0221,1.209
0001751788,Dow Inc,2018,2821,Chemicals,MI,92.17,138.25,322.58,553.0,0.23,0.23,42.52,27.35,434,1,1,1212818.5,23.506,0.1077,0.772
0001751788,Dow Inc,2019,2821,Chemicals,MI,99.75,149.63,224.44,473.82,0.0,0.249,44.24,27.49,401,0,0,0.0,23.796,0.1198,0.73
0001751788,Dow Inc,2020,2821,Chemicals,MI,160.0,160.0,266.67,586.67,0.533,0.0,49.54,25.78,375,0,0,0.0,20.032,-0.0187,1.045
